timestamp,description
06-04-24 17:38:01,dex_data_BOT_v2.py called
06-04-24 17:38:01,reload() function started.
06-04-24 17:40:01,dex_data_BOT_v2.py called
06-04-24 17:40:01,reload() function started.
06-04-24 17:42:01,dex_data_BOT_v2.py called
06-04-24 17:42:01,reload() function started.
06-04-24 17:44:02,dex_data_BOT_v2.py called
06-04-24 17:44:02,reload() function started.
06-04-24 18:00:03,dex_data_BOT_v2.py called
06-04-24 18:00:03,reload() function started.
"06-04-2024 18:21:28","buy_all_from_filtered() starting now."
"06-04-2024 18:21:51","buy_all_from_filtered() starting now."
"06-04-2024 18:40:56","buy_all_from_filtered() starting now."
"06-04-2024 18:53:37","buy_all_from_filtered() starting now."
"06-04-2024 18:57:27","update_account_PNL() starting now."
"06-04-2024 19:15:58","update_account_PNL() starting now."
"06-04-2024 19:20:57","update_account_PNL() starting now."
"06-04-2024 19:30:10","update_account_PNL() starting now."
06-04-24 19:31:14,dex_data_BOT_v2.py called
06-04-24 19:31:14,reload() function started.
06-04-24 19:31:20,dex_data_BOT_v2.py called
06-04-24 19:31:20,reload_initial_list() function started.
06-04-24 19:32:10,dex_data_BOT_v2.py called
06-04-24 19:32:10,reload_initial_list() function started.
"06-04-2024 19:32:22","buy_all_from_filtered() starting now."
"06-04-2024 19:32:35","update_account_PNL() starting now."
06-04-24 20:00:03,dex_data_BOT_v2.py called
06-04-24 20:00:03,reload() function started.
"06-04-2024 20:19:11","update_account_PNL() starting now."
"06-04-2024 20:19:46","update_account_PNL() starting now."
"06-04-2024 20:20:21","update_account_PNL() starting now."
"06-04-2024 20:20:56","update_account_PNL() starting now."
"06-04-2024 20:24:11","update_account_PNL() starting now."
"06-04-2024 20:24:57","buy_all_from_filtered() starting now."
"06-04-2024 20:25:16","update_account_PNL() starting now."
"06-04-2024 20:26:21","update_account_PNL() starting now."
"06-04-2024 20:27:25","update_account_PNL() starting now."
"06-04-2024 20:28:30","update_account_PNL() starting now."
"06-04-2024 20:29:34","update_account_PNL() starting now."
"06-04-2024 20:30:39","update_account_PNL() starting now."
06-04-24 20:31:07,dex_data_BOT_v2.py called
06-04-24 20:31:07,reload_initial_list() function started.
"06-04-2024 20:31:52","update_account_PNL() starting now."
"06-04-2024 20:32:57","update_account_PNL() starting now."
"06-04-2024 20:34:03","update_account_PNL() starting now."
"06-04-2024 20:35:09","update_account_PNL() starting now."
"06-04-2024 20:36:14","update_account_PNL() starting now."
"06-04-2024 20:36:17","buy_all_from_filtered() starting now."
"06-04-2024 20:37:20","update_account_PNL() starting now."
"06-04-2024 20:38:25","update_account_PNL() starting now."
"06-04-2024 20:39:30","update_account_PNL() starting now."
"06-04-2024 20:40:35","update_account_PNL() starting now."
"06-04-2024 20:41:40","update_account_PNL() starting now."
"06-04-2024 20:42:48","update_account_PNL() starting now."
"06-04-2024 20:43:54","update_account_PNL() starting now."
"06-04-2024 20:45:00","update_account_PNL() starting now."
"06-04-2024 20:46:05","update_account_PNL() starting now."
"06-04-2024 20:47:10","update_account_PNL() starting now."
"06-04-2024 20:48:18","update_account_PNL() starting now."
"06-04-2024 20:49:23","update_account_PNL() starting now."
"06-04-2024 20:50:30","update_account_PNL() starting now."
"06-04-2024 20:50:39","buy_all_from_filtered() starting now."
"06-04-2024 20:51:36","update_account_PNL() starting now."
"06-04-2024 20:52:41","update_account_PNL() starting now."
"06-04-2024 20:53:46","update_account_PNL() starting now."
"06-04-2024 20:54:52","update_account_PNL() starting now."
"06-04-2024 20:55:57","update_account_PNL() starting now."
"06-04-2024 20:57:02","update_account_PNL() starting now."
"06-04-2024 20:58:08","update_account_PNL() starting now."
"06-04-2024 20:59:13","update_account_PNL() starting now."
"06-04-2024 21:00:20","update_account_PNL() starting now."
"06-04-2024 21:01:25","update_account_PNL() starting now."
"06-04-2024 21:02:23","buy_all_from_filtered() starting now."
"06-04-2024 21:02:30","update_account_PNL() starting now."
"06-04-2024 21:03:35","update_account_PNL() starting now."
"06-04-2024 21:04:41","update_account_PNL() starting now."
"06-04-2024 21:05:47","update_account_PNL() starting now."
"06-04-2024 21:06:52","update_account_PNL() starting now."
"06-04-2024 21:07:57","update_account_PNL() starting now."
"06-04-2024 21:09:03","update_account_PNL() starting now."
"06-04-2024 21:10:08","update_account_PNL() starting now."
"06-04-2024 21:11:14","update_account_PNL() starting now."
"06-04-2024 21:12:20","update_account_PNL() starting now."
"06-04-2024 21:13:25","update_account_PNL() starting now."
"06-04-2024 21:14:02","buy_all_from_filtered() starting now."
"06-04-2024 21:14:31","update_account_PNL() starting now."
"06-04-2024 21:15:37","update_account_PNL() starting now."
"06-04-2024 21:16:42","update_account_PNL() starting now."
"06-04-2024 21:17:50","update_account_PNL() starting now."
"06-04-2024 21:18:59","update_account_PNL() starting now."
"06-04-2024 21:20:09","update_account_PNL() starting now."
"06-04-2024 21:21:17","update_account_PNL() starting now."
"06-04-2024 21:22:25","update_account_PNL() starting now."
"06-04-2024 21:23:33","update_account_PNL() starting now."
"06-04-2024 21:24:41","update_account_PNL() starting now."
"06-04-2024 21:25:50","update_account_PNL() starting now."
"06-04-2024 21:26:58","update_account_PNL() starting now."
"06-04-2024 21:26:59","buy_all_from_filtered() starting now."
"06-04-2024 21:28:06","update_account_PNL() starting now."
"06-04-2024 21:29:14","update_account_PNL() starting now."
06-04-24 21:29:46,dex_data_BOT_v2.py called
06-04-24 21:29:46,reload_initial_list() function started.
"06-04-2024 21:30:22","update_account_PNL() starting now."
06-04-24 21:30:41,dex_data_BOT_v2.py called
"06-04-2024 21:31:30","update_account_PNL() starting now."
06-04-24 21:31:32,dex_data_BOT_v2.py called
"06-04-2024 21:32:38","update_account_PNL() starting now."
06-04-24 21:32:47,dex_data_BOT_v2.py called
06-04-24 21:33:30,dex_data_BOT_v2.py called
"06-04-2024 21:33:46","update_account_PNL() starting now."
06-04-24 21:34:15,dex_data_BOT_v2.py called
"06-04-2024 21:34:54","update_account_PNL() starting now."
"06-04-2024 21:36:02","update_account_PNL() starting now."
"06-04-2024 21:37:11","update_account_PNL() starting now."
"06-04-2024 21:38:21","update_account_PNL() starting now."
"06-04-2024 21:38:35","buy_all_from_filtered() starting now."
"06-04-2024 21:39:30","update_account_PNL() starting now."
"06-04-2024 21:40:38","update_account_PNL() starting now."
"06-04-2024 21:41:47","update_account_PNL() starting now."
"06-04-2024 21:42:56","update_account_PNL() starting now."
"06-04-2024 21:44:04","update_account_PNL() starting now."
"06-04-2024 21:45:12","update_account_PNL() starting now."
"06-04-2024 21:46:22","update_account_PNL() starting now."
"06-04-2024 21:47:30","update_account_PNL() starting now."
"06-04-2024 21:48:38","update_account_PNL() starting now."
"06-04-2024 21:49:46","update_account_PNL() starting now."
"06-04-2024 21:50:30","buy_all_from_filtered() starting now."
"06-04-2024 21:50:53","update_account_PNL() starting now."
"06-04-2024 21:52:03","update_account_PNL() starting now."
"06-04-2024 21:53:11","update_account_PNL() starting now."
"06-04-2024 21:54:18","update_account_PNL() starting now."
"06-04-2024 21:55:26","update_account_PNL() starting now."
"06-04-2024 21:56:35","update_account_PNL() starting now."
"06-04-2024 21:57:43","update_account_PNL() starting now."
"06-04-2024 21:58:51","update_account_PNL() starting now."
"06-04-2024 22:00:00","update_account_PNL() starting now."
"06-04-2024 22:01:08","update_account_PNL() starting now."
"06-04-2024 22:02:08","buy_all_from_filtered() starting now."
"06-04-2024 22:02:17","update_account_PNL() starting now."
"06-04-2024 22:03:25","update_account_PNL() starting now."
"06-04-2024 22:04:33","update_account_PNL() starting now."
"06-04-2024 22:05:41","update_account_PNL() starting now."
"06-04-2024 22:06:49","update_account_PNL() starting now."
"06-04-2024 22:07:57","update_account_PNL() starting now."
"06-04-2024 22:09:05","update_account_PNL() starting now."
"06-04-2024 22:10:13","update_account_PNL() starting now."
"06-04-2024 22:11:21","update_account_PNL() starting now."
"06-04-2024 22:12:29","update_account_PNL() starting now."
"06-04-2024 22:13:37","update_account_PNL() starting now."
"06-04-2024 22:13:37","buy_all_from_filtered() starting now."
"06-04-2024 22:14:45","update_account_PNL() starting now."
"06-04-2024 22:15:53","update_account_PNL() starting now."
"06-04-2024 22:17:02","update_account_PNL() starting now."
"06-04-2024 22:18:11","update_account_PNL() starting now."
"06-04-2024 22:19:19","update_account_PNL() starting now."
"06-04-2024 22:20:30","update_account_PNL() starting now."
"06-04-2024 22:21:38","update_account_PNL() starting now."
06-04-24 22:22:42,dex_data_BOT_v2.py called
"06-04-2024 22:22:47","update_account_PNL() starting now."
"06-04-2024 22:23:56","update_account_PNL() starting now."
"06-04-2024 22:25:04","update_account_PNL() starting now."
"06-04-2024 22:25:28","buy_all_from_filtered() starting now."
"06-04-2024 22:26:14","update_account_PNL() starting now."
"06-04-2024 22:27:22","update_account_PNL() starting now."
"06-04-2024 22:28:34","update_account_PNL() starting now."
"06-04-2024 22:29:49","update_account_PNL() starting now."
"06-04-2024 22:30:59","update_account_PNL() starting now."
"06-04-2024 22:32:10","update_account_PNL() starting now."
"06-04-2024 22:33:22","update_account_PNL() starting now."
"06-04-2024 22:34:33","update_account_PNL() starting now."
"06-04-2024 22:36:15","update_account_PNL() starting now."
"06-04-2024 22:37:26","update_account_PNL() starting now."
"06-04-2024 22:38:36","update_account_PNL() starting now."
"06-04-2024 22:39:04","buy_all_from_filtered() starting now."
"06-04-2024 22:39:48","update_account_PNL() starting now."
"06-04-2024 22:40:59","update_account_PNL() starting now."
"06-04-2024 22:42:12","update_account_PNL() starting now."
"06-04-2024 22:43:26","update_account_PNL() starting now."
"06-04-2024 22:44:39","update_account_PNL() starting now."
"06-04-2024 22:45:52","update_account_PNL() starting now."
"06-04-2024 22:47:06","update_account_PNL() starting now."
"06-04-2024 22:48:20","update_account_PNL() starting now."
"06-04-2024 22:49:33","update_account_PNL() starting now."
"06-04-2024 22:50:46","update_account_PNL() starting now."
"06-04-2024 22:51:36","buy_all_from_filtered() starting now."
06-04-24 22:51:52,dex_data_BOT_v2.py called
"06-04-2024 22:52:00","update_account_PNL() starting now."
"06-04-2024 22:53:14","update_account_PNL() starting now."
"06-04-2024 22:54:28","update_account_PNL() starting now."
"06-04-2024 22:55:42","update_account_PNL() starting now."
"06-04-2024 22:56:56","update_account_PNL() starting now."
"06-04-2024 22:58:10","update_account_PNL() starting now."
"06-04-2024 22:59:24","update_account_PNL() starting now."
"06-04-2024 23:00:26","buy_all_from_filtered() starting now."
"06-04-2024 23:00:38","update_account_PNL() starting now."
"06-04-2024 23:01:52","update_account_PNL() starting now."
"06-04-2024 23:03:05","update_account_PNL() starting now."
"06-04-2024 23:04:19","update_account_PNL() starting now."
"06-04-2024 23:05:32","update_account_PNL() starting now."
"06-04-2024 23:06:46","update_account_PNL() starting now."
"06-04-2024 23:06:48","buy_all_from_filtered() starting now."
"06-04-2024 23:07:59","update_account_PNL() starting now."
"06-04-2024 23:09:12","update_account_PNL() starting now."
"06-04-2024 23:10:28","update_account_PNL() starting now."
"06-04-2024 23:11:45","update_account_PNL() starting now."
"06-04-2024 23:13:01","update_account_PNL() starting now."
"06-04-2024 23:14:17","update_account_PNL() starting now."
"06-04-2024 23:14:27","buy_all_from_filtered() starting now."
"06-04-2024 23:15:34","update_account_PNL() starting now."
"06-04-2024 23:16:51","update_account_PNL() starting now."
06-04-24 23:17:59,dex_data_BOT_v2.py called
"06-04-2024 23:18:07","update_account_PNL() starting now."
"06-04-2024 23:19:23","update_account_PNL() starting now."
"06-04-2024 23:20:39","update_account_PNL() starting now."
"06-04-2024 23:20:55","buy_all_from_filtered() starting now."
"06-04-2024 23:25:43","buy_all_from_filtered() starting now."
"06-04-2024 23:32:02","buy_all_from_filtered() starting now."
"06-04-2024 23:38:31","buy_all_from_filtered() starting now."
"06-04-2024 23:45:02","buy_all_from_filtered() starting now."
"06-04-2024 23:51:24","buy_all_from_filtered() starting now."
"06-04-2024 23:57:47","buy_all_from_filtered() starting now."
07-04-24 00:02:10,dex_data_BOT_v2.py called
"07-04-2024 00:04:08","buy_all_from_filtered() starting now."
"07-04-2024 00:10:28","buy_all_from_filtered() starting now."
"07-04-2024 00:16:49","buy_all_from_filtered() starting now."
"07-04-2024 00:22:55","update_account_PNL() starting now."
"07-04-2024 00:22:59","buy_all_from_filtered() starting now."
"07-04-2024 00:24:09","update_account_PNL() starting now."
"07-04-2024 00:25:23","update_account_PNL() starting now."
"07-04-2024 00:26:39","update_account_PNL() starting now."
"07-04-2024 00:27:55","update_account_PNL() starting now."
"07-04-2024 00:29:12","update_account_PNL() starting now."
"07-04-2024 00:30:45","buy_all_from_filtered() starting now."
"07-04-2024 00:36:51","buy_all_from_filtered() starting now."
"07-04-2024 00:43:01","buy_all_from_filtered() starting now."
"07-04-2024 00:49:11","buy_all_from_filtered() starting now."
"07-04-2024 00:52:13","update_account_PNL() starting now."
"07-04-2024 00:53:30","update_account_PNL() starting now."
"07-04-2024 00:54:46","update_account_PNL() starting now."
"07-04-2024 00:55:14","buy_all_from_filtered() starting now."
07-04-24 00:56:11,dex_data_BOT_v2.py called
"07-04-2024 01:01:20","buy_all_from_filtered() starting now."
"07-04-2024 01:07:24","buy_all_from_filtered() starting now."
"07-04-2024 01:13:49","buy_all_from_filtered() starting now."
"07-04-2024 01:20:03","buy_all_from_filtered() starting now."
"07-04-2024 01:26:08","buy_all_from_filtered() starting now."
"07-04-2024 01:32:25","buy_all_from_filtered() starting now."
"07-04-2024 01:38:46","buy_all_from_filtered() starting now."
"07-04-2024 01:45:05","buy_all_from_filtered() starting now."
"07-04-2024 01:51:28","buy_all_from_filtered() starting now."
"07-04-2024 01:57:40","buy_all_from_filtered() starting now."
"07-04-2024 02:03:54","buy_all_from_filtered() starting now."
"07-04-2024 02:08:11","update_account_PNL() starting now."
"07-04-2024 02:08:26","buy_all_from_filtered() starting now."
"07-04-2024 02:09:28","update_account_PNL() starting now."
"07-04-2024 02:14:42","buy_all_from_filtered() starting now."
"07-04-2024 02:20:55","buy_all_from_filtered() starting now."
"07-04-2024 02:27:09","buy_all_from_filtered() starting now."
"07-04-2024 02:33:28","buy_all_from_filtered() starting now."
"07-04-2024 02:39:50","buy_all_from_filtered() starting now."
"07-04-2024 02:46:05","buy_all_from_filtered() starting now."
"07-04-2024 02:48:20","update_account_PNL() starting now."
"07-04-2024 02:52:37","buy_all_from_filtered() starting now."
07-04-24 04:06:42,dex_data_BOT_v2.py called
07-04-24 12:39:34,dex_data_BOT_v2.py called
07-04-24 12:39:50,dex_data_BOT_v2.py called
07-04-24 12:40:10,dex_data_BOT_v2.py called
"07-04-2024 12:41:14","update_account_PNL() starting now."
"07-04-2024 13:00:34","buy_all_from_filtered() starting now."
"07-04-2024 13:01:43","buy_all_from_filtered() starting now."
"07-04-2024 13:56:42","buy_all_from_filtered() starting now."
"07-04-2024 13:58:56","update_account_PNL() starting now."
07-04-24 14:00:18,dex_data_BOT_v2.py called
"07-04-2024 14:03:35","buy_all_from_filtered() starting now."
"07-04-2024 14:06:19","update_account_PNL() starting now."
"07-04-2024 14:10:38","buy_all_from_filtered() starting now."
"07-04-2024 14:11:40","update_account_PNL() starting now."
07-04-24 14:12:51,dex_data_BOT_v2.py called
"07-04-2024 14:17:43","update_account_PNL() starting now."
"07-04-2024 14:17:44","buy_all_from_filtered() starting now."
"07-04-2024 14:21:33","buy_all_from_filtered() starting now."
"07-04-2024 14:23:06","update_account_PNL() starting now."
"07-04-2024 14:23:33","buy_all_from_filtered() starting now."
"07-04-2024 14:24:33","buy_all_from_filtered() starting now."
"07-04-2024 14:25:41","buy_all_from_filtered() starting now."
07-04-24 14:27:35,dex_data_BOT_v2.py called
"07-04-2024 14:28:30","update_account_PNL() starting now."
"07-04-2024 14:33:53","update_account_PNL() starting now."
"07-04-2024 14:38:14","buy_all_from_filtered() starting now."
"07-04-2024 14:39:17","update_account_PNL() starting now."
"07-04-2024 14:39:35","buy_all_from_filtered() starting now."
"07-04-2024 14:40:21","buy_all_from_filtered() starting now."
"07-04-2024 14:44:40","update_account_PNL() starting now."
"07-04-2024 14:45:07","update_account_PNL() starting now."
07-04-24 14:45:29,dex_data_BOT_v2.py called
"07-04-2024 14:46:04","update_account_PNL() starting now."
"07-04-2024 14:46:25","buy_all_from_filtered() starting now."
"07-04-2024 14:47:01","update_account_PNL() starting now."
"07-04-2024 14:47:59","update_account_PNL() starting now."
"07-04-2024 14:48:57","update_account_PNL() starting now."
"07-04-2024 14:49:55","update_account_PNL() starting now."
"07-04-2024 14:50:55","update_account_PNL() starting now."
"07-04-2024 14:51:54","update_account_PNL() starting now."
"07-04-2024 14:52:55","update_account_PNL() starting now."
"07-04-2024 14:53:55","update_account_PNL() starting now."
"07-04-2024 14:54:54","update_account_PNL() starting now."
"07-04-2024 14:55:21","buy_all_from_filtered() starting now."
"07-04-2024 14:55:54","update_account_PNL() starting now."
"07-04-2024 14:56:41","buy_all_from_filtered() starting now."
"07-04-2024 14:56:54","update_account_PNL() starting now."
"07-04-2024 14:57:57","update_account_PNL() starting now."
07-04-24 14:58:24,dex_data_BOT_v2.py called
"07-04-2024 14:59:00","update_account_PNL() starting now."
"07-04-2024 15:00:03","update_account_PNL() starting now."
"07-04-2024 15:01:05","update_account_PNL() starting now."
"07-04-2024 15:02:07","update_account_PNL() starting now."
"07-04-2024 15:02:51","buy_all_from_filtered() starting now."
"07-04-2024 15:03:05","update_account_PNL() starting now."
"07-04-2024 15:04:07","update_account_PNL() starting now."
"07-04-2024 15:05:10","update_account_PNL() starting now."
"07-04-2024 15:06:13","update_account_PNL() starting now."
"07-04-2024 15:07:20","update_account_PNL() starting now."
"07-04-2024 15:08:27","update_account_PNL() starting now."
"07-04-2024 15:09:33","update_account_PNL() starting now."
"07-04-2024 15:10:41","update_account_PNL() starting now."
"07-04-2024 15:11:48","update_account_PNL() starting now."
"07-04-2024 15:11:58","buy_all_from_filtered() starting now."
"07-04-2024 15:12:55","update_account_PNL() starting now."
"07-04-2024 15:14:02","update_account_PNL() starting now."
"07-04-2024 15:15:08","update_account_PNL() starting now."
"07-04-2024 15:16:16","update_account_PNL() starting now."
"07-04-2024 15:16:24","buy_all_from_filtered() starting now."
"07-04-2024 15:17:22","update_account_PNL() starting now."
"07-04-2024 15:18:29","update_account_PNL() starting now."
"07-04-2024 15:18:58","buy_all_from_filtered() starting now."
"07-04-2024 15:19:14","buy_all_from_filtered() starting now."
"07-04-2024 15:19:36","update_account_PNL() starting now."
"07-04-2024 15:19:48","buy_all_from_filtered() starting now."
"07-04-2024 15:20:42","buy_all_from_filtered() starting now."
"07-04-2024 15:20:43","update_account_PNL() starting now."
"07-04-2024 15:21:51","update_account_PNL() starting now."
"07-04-2024 15:22:15","update_account_PNL() starting now."
"07-04-2024 15:26:21","update_account_PNL() starting now."
"07-04-2024 15:27:29","update_account_PNL() starting now."
"07-04-2024 15:28:03","buy_all_from_filtered() starting now."
"07-04-2024 15:31:13","update_account_PNL() starting now."
"07-04-2024 15:32:24","update_account_PNL() starting now."
"07-04-2024 15:33:30","update_account_PNL() starting now."
"07-04-2024 15:34:41","update_account_PNL() starting now."
"07-04-2024 15:35:30","buy_all_from_filtered() starting now."
"07-04-2024 15:35:47","buy_all_from_filtered() starting now."
"07-04-2024 15:35:51","update_account_PNL() starting now."
"07-04-2024 15:37:02","update_account_PNL() starting now."
"07-04-2024 15:37:21","update_account_PNL() starting now."
"07-04-2024 15:38:30","update_account_PNL() starting now."
"07-04-2024 15:39:40","update_account_PNL() starting now."
"07-04-2024 15:40:51","update_account_PNL() starting now."
"07-04-2024 15:40:54","buy_all_from_filtered() starting now."
"07-04-2024 15:42:00","update_account_PNL() starting now."
"07-04-2024 15:43:10","update_account_PNL() starting now."
07-04-24 15:43:44,dex_data_BOT_v2.py called
"07-04-2024 15:44:21","update_account_PNL() starting now."
"07-04-2024 15:45:32","update_account_PNL() starting now."
"07-04-2024 15:46:42","update_account_PNL() starting now."
"07-04-2024 15:47:52","update_account_PNL() starting now."
"07-04-2024 15:48:21","buy_all_from_filtered() starting now."
"07-04-2024 15:49:09","update_account_PNL() starting now."
"07-04-2024 15:50:19","update_account_PNL() starting now."
"07-04-2024 15:51:29","update_account_PNL() starting now."
"07-04-2024 15:52:39","update_account_PNL() starting now."
"07-04-2024 15:53:52","update_account_PNL() starting now."
"07-04-2024 15:55:04","update_account_PNL() starting now."
"07-04-2024 15:56:16","update_account_PNL() starting now."
"07-04-2024 15:57:25","buy_all_from_filtered() starting now."
"07-04-2024 15:57:29","update_account_PNL() starting now."
"07-04-2024 15:58:42","update_account_PNL() starting now."
"07-04-2024 15:59:56","update_account_PNL() starting now."
"07-04-2024 16:01:10","update_account_PNL() starting now."
"07-04-2024 16:02:24","update_account_PNL() starting now."
"07-04-2024 16:03:30","buy_all_from_filtered() starting now."
"07-04-2024 16:03:37","update_account_PNL() starting now."
"07-04-2024 16:04:56","update_account_PNL() starting now."
"07-04-2024 16:06:08","update_account_PNL() starting now."
"07-04-2024 16:07:22","update_account_PNL() starting now."
"07-04-2024 16:07:33","update_account_PNL() starting now."
"07-04-2024 16:07:34","buy_all_from_filtered() starting now."
"07-04-2024 16:08:21","update_account_PNL() starting now."
"07-04-2024 16:09:48","update_account_PNL() starting now."
"07-04-2024 16:11:17","update_account_PNL() starting now."
"07-04-2024 16:11:57","buy_all_from_filtered() starting now."
"07-04-2024 16:12:44","update_account_PNL() starting now."
"07-04-2024 16:14:12","update_account_PNL() starting now."
"07-04-2024 16:15:41","update_account_PNL() starting now."
"07-04-2024 16:17:11","update_account_PNL() starting now."
"07-04-2024 16:17:24","buy_all_from_filtered() starting now."
"07-04-2024 16:18:40","update_account_PNL() starting now."
"07-04-2024 16:20:10","update_account_PNL() starting now."
"07-04-2024 16:21:42","update_account_PNL() starting now."
"07-04-2024 16:22:54","buy_all_from_filtered() starting now."
07-04-24 16:22:56,dex_data_BOT_v2.py called
"07-04-2024 16:23:14","update_account_PNL() starting now."
07-04-24 16:23:57,dex_data_BOT_v2.py called
"07-04-2024 16:24:46","update_account_PNL() starting now."
"07-04-2024 16:26:18","update_account_PNL() starting now."
"07-04-2024 16:27:21","buy_all_from_filtered() starting now."
"07-04-2024 16:27:50","update_account_PNL() starting now."
"07-04-2024 16:29:22","update_account_PNL() starting now."
"07-04-2024 16:30:54","update_account_PNL() starting now."
"07-04-2024 16:31:45","buy_all_from_filtered() starting now."
"07-04-2024 16:32:28","update_account_PNL() starting now."
"07-04-2024 16:34:00","update_account_PNL() starting now."
"07-04-2024 16:35:32","update_account_PNL() starting now."
"07-04-2024 16:36:10","buy_all_from_filtered() starting now."
"07-04-2024 16:37:04","update_account_PNL() starting now."
"07-04-2024 16:38:36","update_account_PNL() starting now."
"07-04-2024 16:40:05","buy_all_from_filtered() starting now."
"07-04-2024 16:40:08","update_account_PNL() starting now."
"07-04-2024 16:41:41","update_account_PNL() starting now."
"07-04-2024 16:43:12","update_account_PNL() starting now."
"07-04-2024 16:43:59","buy_all_from_filtered() starting now."
"07-04-2024 16:44:44","update_account_PNL() starting now."
"07-04-2024 16:46:16","update_account_PNL() starting now."
"07-04-2024 16:47:49","update_account_PNL() starting now."
"07-04-2024 16:47:55","buy_all_from_filtered() starting now."
"07-04-2024 16:49:21","update_account_PNL() starting now."
"07-04-2024 16:50:53","update_account_PNL() starting now."
"07-04-2024 16:51:57","buy_all_from_filtered() starting now."
"07-04-2024 16:52:25","update_account_PNL() starting now."
07-04-24 16:53:31,dex_data_BOT_v2.py called
"07-04-2024 16:53:57","update_account_PNL() starting now."
07-04-24 16:54:52,dex_data_BOT_v2.py called
"07-04-2024 16:54:57","buy_all_from_filtered() starting now."
"07-04-2024 16:55:29","update_account_PNL() starting now."
07-04-24 16:56:45,dex_data_BOT_v2.py called
"07-04-2024 16:56:49","buy_all_from_filtered() starting now."
"07-04-2024 16:57:01","update_account_PNL() starting now."
"07-04-2024 16:58:34","update_account_PNL() starting now."
"07-04-2024 17:00:08","update_account_PNL() starting now."
"07-04-2024 17:00:53","buy_all_from_filtered() starting now."
"07-04-2024 17:01:40","update_account_PNL() starting now."
"07-04-2024 17:03:12","update_account_PNL() starting now."
"07-04-2024 17:04:46","update_account_PNL() starting now."
"07-04-2024 17:04:58","buy_all_from_filtered() starting now."
"07-04-2024 17:05:11","buy_all_from_filtered() starting now."
"07-04-2024 17:06:19","update_account_PNL() starting now."
"07-04-2024 17:06:51","buy_all_from_filtered() starting now."
"07-04-2024 17:07:50","update_account_PNL() starting now."
"07-04-2024 17:09:22","update_account_PNL() starting now."
"07-04-2024 17:10:15","buy_all_from_filtered() starting now."
"07-04-2024 17:10:58","update_account_PNL() starting now."
07-04-24 17:11:51,dex_data_BOT_v2.py called
"07-04-2024 17:12:20","buy_all_from_filtered() starting now."
"07-04-2024 17:12:32","update_account_PNL() starting now."
"07-04-2024 17:12:49","update_account_PNL() starting now."
"07-04-2024 17:14:28","buy_all_from_filtered() starting now."
"07-04-2024 17:14:55","update_account_PNL() starting now."
"07-04-2024 17:16:31","update_account_PNL() starting now."
"07-04-2024 17:16:34","buy_all_from_filtered() starting now."
"07-04-2024 17:18:05","update_account_PNL() starting now."
"07-04-2024 17:18:39","buy_all_from_filtered() starting now."
"07-04-2024 17:19:40","update_account_PNL() starting now."
"07-04-2024 17:20:41","buy_all_from_filtered() starting now."
"07-04-2024 17:21:09","update_account_PNL() starting now."
"07-04-2024 17:21:32","update_account_PNL() starting now."
07-04-24 17:22:18,dex_data_BOT_v2.py called
"07-04-2024 17:22:43","buy_all_from_filtered() starting now."
"07-04-2024 17:23:05","update_account_PNL() starting now."
"07-04-2024 17:24:40","update_account_PNL() starting now."
"07-04-2024 17:26:17","update_account_PNL() starting now."
"07-04-2024 17:27:56","update_account_PNL() starting now."
07-04-24 17:28:35,dex_data_BOT_v2.py called
07-04-24 17:29:29,dex_data_BOT_v2.py called
"07-04-2024 17:29:37","update_account_PNL() starting now."
"07-04-2024 17:31:19","update_account_PNL() starting now."
"07-04-2024 17:33:01","update_account_PNL() starting now."
"07-04-2024 17:34:42","update_account_PNL() starting now."
"07-04-2024 17:36:23","update_account_PNL() starting now."
"07-04-2024 17:38:05","update_account_PNL() starting now."
"07-04-2024 17:39:42","buy_all_from_filtered() starting now."
"07-04-2024 17:39:46","update_account_PNL() starting now."
07-04-24 17:40:03,dex_data_BOT_v2.py called
"07-04-2024 17:41:27","update_account_PNL() starting now."
"07-04-2024 17:41:40","buy_all_from_filtered() starting now."
"07-04-2024 17:43:09","update_account_PNL() starting now."
07-04-24 17:43:22,dex_data_BOT_v2.py called
"07-04-2024 17:43:39","buy_all_from_filtered() starting now."
"07-04-2024 17:44:50","update_account_PNL() starting now."
"07-04-2024 17:45:37","buy_all_from_filtered() starting now."
"07-04-2024 17:46:33","update_account_PNL() starting now."
"07-04-2024 17:47:37","buy_all_from_filtered() starting now."
"07-04-2024 17:48:15","update_account_PNL() starting now."
"07-04-2024 17:49:37","buy_all_from_filtered() starting now."
"07-04-2024 17:49:56","update_account_PNL() starting now."
"07-04-2024 17:51:38","update_account_PNL() starting now."
"07-04-2024 17:51:39","buy_all_from_filtered() starting now."
"07-04-2024 17:53:19","update_account_PNL() starting now."
"07-04-2024 17:53:36","buy_all_from_filtered() starting now."
"07-04-2024 17:55:00","update_account_PNL() starting now."
"07-04-2024 17:55:43","buy_all_from_filtered() starting now."
"07-04-2024 17:56:41","update_account_PNL() starting now."
"07-04-2024 17:57:48","buy_all_from_filtered() starting now."
"07-04-2024 17:58:22","update_account_PNL() starting now."
"07-04-2024 17:59:54","buy_all_from_filtered() starting now."
"07-04-2024 18:00:04","update_account_PNL() starting now."
"07-04-2024 18:01:44","update_account_PNL() starting now."
"07-04-2024 18:02:04","buy_all_from_filtered() starting now."
"07-04-2024 18:03:26","update_account_PNL() starting now."
07-04-24 18:03:38,dex_data_BOT_v2.py called
"07-04-2024 18:04:09","buy_all_from_filtered() starting now."
"07-04-2024 18:05:07","update_account_PNL() starting now."
"07-04-2024 18:06:14","buy_all_from_filtered() starting now."
"07-04-2024 18:06:48","update_account_PNL() starting now."
"07-04-2024 18:08:29","update_account_PNL() starting now."
"07-04-2024 18:09:30","buy_all_from_filtered() starting now."
"07-04-2024 18:10:13","update_account_PNL() starting now."
"07-04-2024 18:11:57","update_account_PNL() starting now."
"07-04-2024 18:12:54","buy_all_from_filtered() starting now."
"07-04-2024 18:13:43","update_account_PNL() starting now."
"07-04-2024 18:15:02","buy_all_from_filtered() starting now."
"07-04-2024 18:15:28","update_account_PNL() starting now."
"07-04-2024 18:17:09","buy_all_from_filtered() starting now."
"07-04-2024 18:17:13","update_account_PNL() starting now."
"07-04-2024 18:18:59","update_account_PNL() starting now."
"07-04-2024 18:19:17","buy_all_from_filtered() starting now."
"07-04-2024 18:20:50","update_account_PNL() starting now."
"07-04-2024 18:21:29","buy_all_from_filtered() starting now."
"07-04-2024 18:22:36","update_account_PNL() starting now."
"07-04-2024 18:23:35","buy_all_from_filtered() starting now."
"07-04-2024 18:24:22","update_account_PNL() starting now."
"07-04-2024 18:25:39","buy_all_from_filtered() starting now."
"07-04-2024 18:26:09","update_account_PNL() starting now."
"07-04-2024 18:27:48","buy_all_from_filtered() starting now."
"07-04-2024 18:27:57","update_account_PNL() starting now."
"07-04-2024 18:29:43","update_account_PNL() starting now."
"07-04-2024 18:29:55","buy_all_from_filtered() starting now."
"07-04-2024 18:31:29","update_account_PNL() starting now."
"07-04-2024 18:32:04","buy_all_from_filtered() starting now."
"07-04-2024 18:33:16","update_account_PNL() starting now."
"07-04-2024 18:34:13","buy_all_from_filtered() starting now."
"07-04-2024 18:35:02","update_account_PNL() starting now."
"07-04-2024 18:36:49","update_account_PNL() starting now."
"07-04-2024 18:37:53","buy_all_from_filtered() starting now."
"07-04-2024 18:38:30","update_account_PNL() starting now."
"07-04-2024 18:38:43","buy_all_from_filtered() starting now."
"07-04-2024 18:39:48","update_account_PNL() starting now."
"07-04-2024 18:39:51","buy_all_from_filtered() starting now."
"07-04-2024 18:41:42","update_account_PNL() starting now."
"07-04-2024 18:43:33","update_account_PNL() starting now."
"07-04-2024 18:44:04","buy_all_from_filtered() starting now."
"07-04-2024 18:45:23","update_account_PNL() starting now."
"07-04-2024 18:47:15","update_account_PNL() starting now."
"07-04-2024 18:48:20","buy_all_from_filtered() starting now."
"07-04-2024 18:54:08","update_account_PNL() starting now."
"07-04-2024 18:54:11","buy_all_from_filtered() starting now."
"07-04-2024 18:55:47","buy_all_from_filtered() starting now."
"07-04-2024 18:55:58","update_account_PNL() starting now."
"07-04-2024 18:56:08","buy_all_from_filtered() starting now."
"07-04-2024 18:57:47","update_account_PNL() starting now."
"07-04-2024 18:58:07","buy_all_from_filtered() starting now."
"07-04-2024 18:58:30","buy_all_from_filtered() starting now."
"07-04-2024 18:59:23","buy_all_from_filtered() starting now."
"07-04-2024 18:59:36","update_account_PNL() starting now."
"07-04-2024 19:01:25","update_account_PNL() starting now."
"07-04-2024 19:02:49","buy_all_from_filtered() starting now."
"07-04-2024 19:03:14","update_account_PNL() starting now."
"07-04-2024 19:05:04","update_account_PNL() starting now."
"07-04-2024 19:05:28","update_account_PNL() starting now."
"07-04-2024 19:06:18","buy_all_from_filtered() starting now."
"07-04-2024 19:07:16","update_account_PNL() starting now."
"07-04-2024 19:09:05","update_account_PNL() starting now."
"07-04-2024 19:09:48","buy_all_from_filtered() starting now."
"07-04-2024 19:10:53","update_account_PNL() starting now."
"07-04-2024 19:12:44","update_account_PNL() starting now."
"07-04-2024 19:14:32","buy_all_from_filtered() starting now."
"07-04-2024 19:14:36","update_account_PNL() starting now."
"07-04-2024 19:16:27","update_account_PNL() starting now."
"07-04-2024 19:18:22","update_account_PNL() starting now."
"07-04-2024 19:18:35","buy_all_from_filtered() starting now."
"07-04-2024 19:20:15","update_account_PNL() starting now."
"07-04-2024 19:21:58","buy_all_from_filtered() starting now."
"07-04-2024 19:22:09","update_account_PNL() starting now."
"07-04-2024 19:24:03","update_account_PNL() starting now."
"07-04-2024 19:25:20","buy_all_from_filtered() starting now."
"07-04-2024 19:27:34","update_account_PNL() starting now."
"07-04-2024 19:28:43","buy_all_from_filtered() starting now."
"07-04-2024 19:30:06","update_account_PNL() starting now."
"07-04-2024 19:32:00","update_account_PNL() starting now."
"07-04-2024 19:32:05","buy_all_from_filtered() starting now."
"07-04-2024 19:33:53","update_account_PNL() starting now."
"07-04-2024 19:35:27","buy_all_from_filtered() starting now."
"07-04-2024 19:38:48","buy_all_from_filtered() starting now."
"07-04-2024 19:42:10","buy_all_from_filtered() starting now."
"07-04-2024 19:45:31","buy_all_from_filtered() starting now."
"07-04-2024 19:48:52","buy_all_from_filtered() starting now."
"07-04-2024 19:53:36","buy_all_from_filtered() starting now."
"07-04-2024 19:56:52","buy_all_from_filtered() starting now."
"07-04-2024 20:00:07","buy_all_from_filtered() starting now."
"07-04-2024 20:03:27","buy_all_from_filtered() starting now."
"07-04-2024 20:06:44","buy_all_from_filtered() starting now."
"07-04-2024 20:10:00","buy_all_from_filtered() starting now."
"07-04-2024 20:13:16","buy_all_from_filtered() starting now."
"07-04-2024 20:16:32","buy_all_from_filtered() starting now."
"07-04-2024 20:19:47","buy_all_from_filtered() starting now."
"07-04-2024 20:23:03","buy_all_from_filtered() starting now."
"07-04-2024 20:26:20","buy_all_from_filtered() starting now."
"07-04-2024 20:29:36","buy_all_from_filtered() starting now."
"07-04-2024 20:32:52","buy_all_from_filtered() starting now."
"07-04-2024 20:36:09","buy_all_from_filtered() starting now."
"07-04-2024 20:39:25","buy_all_from_filtered() starting now."
"07-04-2024 20:42:41","buy_all_from_filtered() starting now."
"07-04-2024 20:45:56","buy_all_from_filtered() starting now."
"07-04-2024 20:49:12","buy_all_from_filtered() starting now."
"07-04-2024 20:52:28","buy_all_from_filtered() starting now."
"07-04-2024 20:55:43","buy_all_from_filtered() starting now."
"07-04-2024 20:58:59","buy_all_from_filtered() starting now."
"07-04-2024 21:02:14","buy_all_from_filtered() starting now."
"07-04-2024 21:05:30","buy_all_from_filtered() starting now."
"07-04-2024 21:08:46","buy_all_from_filtered() starting now."
"07-04-2024 21:13:05","buy_all_from_filtered() starting now."
"07-04-2024 21:16:15","buy_all_from_filtered() starting now."
"07-04-2024 21:19:25","buy_all_from_filtered() starting now."
"07-04-2024 21:22:35","buy_all_from_filtered() starting now."
"07-04-2024 21:25:44","buy_all_from_filtered() starting now."
"07-04-2024 21:28:54","buy_all_from_filtered() starting now."
"07-04-2024 21:32:04","buy_all_from_filtered() starting now."
"07-04-2024 21:35:14","buy_all_from_filtered() starting now."
"07-04-2024 21:38:24","buy_all_from_filtered() starting now."
"07-04-2024 21:41:34","buy_all_from_filtered() starting now."
"07-04-2024 21:44:44","buy_all_from_filtered() starting now."
"07-04-2024 21:47:54","buy_all_from_filtered() starting now."
"07-04-2024 21:51:04","buy_all_from_filtered() starting now."
"07-04-2024 21:54:14","buy_all_from_filtered() starting now."
"07-04-2024 21:57:24","buy_all_from_filtered() starting now."
"07-04-2024 22:00:34","buy_all_from_filtered() starting now."
"07-04-2024 22:03:44","buy_all_from_filtered() starting now."
"07-04-2024 22:06:54","buy_all_from_filtered() starting now."
"07-04-2024 22:10:04","buy_all_from_filtered() starting now."
"07-04-2024 22:13:14","buy_all_from_filtered() starting now."
"07-04-2024 22:16:24","buy_all_from_filtered() starting now."
"07-04-2024 22:19:34","buy_all_from_filtered() starting now."
"07-04-2024 22:22:44","buy_all_from_filtered() starting now."
"07-04-2024 22:25:55","buy_all_from_filtered() starting now."
"07-04-2024 22:29:05","buy_all_from_filtered() starting now."
"07-04-2024 22:32:16","buy_all_from_filtered() starting now."
"07-04-2024 22:35:26","buy_all_from_filtered() starting now."
"07-04-2024 22:38:36","buy_all_from_filtered() starting now."
"07-04-2024 22:41:47","buy_all_from_filtered() starting now."
"07-04-2024 22:44:57","buy_all_from_filtered() starting now."
"07-04-2024 22:48:07","buy_all_from_filtered() starting now."
"07-04-2024 22:51:18","buy_all_from_filtered() starting now."
"07-04-2024 22:54:13","update_account_PNL() starting now."
"07-04-2024 22:54:28","buy_all_from_filtered() starting now."
"07-04-2024 22:57:38","buy_all_from_filtered() starting now."
"07-04-2024 22:58:21","update_account_PNL() starting now."
08-04-24 00:46:24,dex_data_BOT_v2.py called
"08-04-2024 01:08:30","update_account_PNL() starting now."
"08-04-2024 01:10:30","update_account_PNL() starting now."
"08-04-2024 01:12:27","update_account_PNL() starting now."
"08-04-2024 01:13:31","update_account_PNL() starting now."
"08-04-2024 01:15:28","update_account_PNL() starting now."
"08-04-2024 01:19:22","update_account_PNL() starting now."
"08-04-2024 01:21:18","update_account_PNL() starting now."
"08-04-2024 01:23:16","update_account_PNL() starting now."
"08-04-2024 01:25:14","update_account_PNL() starting now."
"08-04-2024 01:27:11","update_account_PNL() starting now."
"08-04-2024 01:29:09","update_account_PNL() starting now."
08-04-24 01:31:46,dex_data_BOT_v2.py called
"08-04-2024 01:31:57","update_account_PNL() starting now."
"08-04-2024 01:34:02","update_account_PNL() starting now."
"08-04-2024 01:36:24","update_account_PNL() starting now."
"08-04-2024 01:38:41","update_account_PNL() starting now."
"08-04-2024 01:39:02","update_account_PNL() starting now."
"08-04-2024 01:41:25","update_account_PNL() starting now."
"08-04-2024 01:43:26","update_account_PNL() starting now."
"08-04-2024 01:45:25","update_account_PNL() starting now."
"08-04-2024 01:45:31","update_account_PNL() starting now."
"08-04-2024 01:47:32","update_account_PNL() starting now."
"08-04-2024 01:49:31","update_account_PNL() starting now."
"08-04-2024 01:51:40","update_account_PNL() starting now."
"08-04-2024 01:53:45","update_account_PNL() starting now."
"08-04-2024 02:02:00","update_account_PNL() starting now."
"08-04-2024 02:04:04","update_account_PNL() starting now."
"08-04-2024 02:06:07","update_account_PNL() starting now."
"08-04-2024 02:12:10","update_account_PNL() starting now."
"08-04-2024 02:15:08","update_account_PNL() starting now."
"08-04-2024 02:16:26","buy_all_from_filtered() starting now."
"08-04-2024 02:17:11","update_account_PNL() starting now."
"08-04-2024 02:19:14","update_account_PNL() starting now."
"08-04-2024 02:19:51","buy_all_from_filtered() starting now."
"08-04-2024 02:21:17","update_account_PNL() starting now."
"08-04-2024 02:23:22","buy_all_from_filtered() starting now."
"08-04-2024 02:23:34","update_account_PNL() starting now."
"08-04-2024 02:25:58","update_account_PNL() starting now."
"08-04-2024 02:26:56","buy_all_from_filtered() starting now."
"08-04-2024 02:28:06","update_account_PNL() starting now."
"08-04-2024 02:30:16","update_account_PNL() starting now."
"08-04-2024 02:30:21","buy_all_from_filtered() starting now."
08-04-24 02:32:07,dex_data_BOT_v2.py called
"08-04-2024 02:32:28","update_account_PNL() starting now."
"08-04-2024 02:33:48","buy_all_from_filtered() starting now."
"08-04-2024 02:34:42","update_account_PNL() starting now."
"08-04-2024 02:36:51","update_account_PNL() starting now."
"08-04-2024 02:37:15","buy_all_from_filtered() starting now."
"08-04-2024 02:38:59","update_account_PNL() starting now."
"08-04-2024 02:40:46","buy_all_from_filtered() starting now."
"08-04-2024 02:41:00","update_account_PNL() starting now."
"08-04-2024 02:43:03","update_account_PNL() starting now."
"08-04-2024 02:44:11","buy_all_from_filtered() starting now."
"08-04-2024 02:45:10","update_account_PNL() starting now."
08-04-24 02:47:12,dex_data_BOT_v2.py called
"08-04-2024 02:47:13","update_account_PNL() starting now."
"08-04-2024 02:47:34","buy_all_from_filtered() starting now."
08-04-24 02:48:38,dex_data_BOT_v2.py called
08-04-24 02:49:09,dex_data_BOT_v2.py called
"08-04-2024 02:49:17","update_account_PNL() starting now."
"08-04-2024 02:51:18","update_account_PNL() starting now."
"08-04-2024 02:53:25","update_account_PNL() starting now."
"08-04-2024 02:55:29","update_account_PNL() starting now."
"08-04-2024 02:57:34","update_account_PNL() starting now."
"08-04-2024 02:59:34","update_account_PNL() starting now."
"08-04-2024 03:01:33","update_account_PNL() starting now."
"08-04-2024 03:03:34","update_account_PNL() starting now."
"08-04-2024 03:05:46","update_account_PNL() starting now."
"08-04-2024 03:08:03","update_account_PNL() starting now."
"08-04-2024 03:10:18","update_account_PNL() starting now."
"08-04-2024 03:12:20","update_account_PNL() starting now."
"08-04-2024 03:14:21","update_account_PNL() starting now."
"08-04-2024 03:16:22","update_account_PNL() starting now."
"08-04-2024 03:18:24","update_account_PNL() starting now."
"08-04-2024 03:20:26","update_account_PNL() starting now."
"08-04-2024 03:22:28","update_account_PNL() starting now."
"08-04-2024 03:24:30","update_account_PNL() starting now."
"08-04-2024 03:26:37","update_account_PNL() starting now."
"08-04-2024 03:28:43","update_account_PNL() starting now."
"08-04-2024 03:30:47","update_account_PNL() starting now."
"08-04-2024 03:32:56","update_account_PNL() starting now."
"08-04-2024 03:35:03","update_account_PNL() starting now."
"08-04-2024 03:37:06","update_account_PNL() starting now."
"08-04-2024 03:39:12","update_account_PNL() starting now."
"08-04-2024 03:41:23","update_account_PNL() starting now."
"08-04-2024 03:43:28","update_account_PNL() starting now."
"08-04-2024 03:45:30","update_account_PNL() starting now."
"08-04-2024 03:47:31","update_account_PNL() starting now."
"08-04-2024 03:49:30","update_account_PNL() starting now."
"08-04-2024 03:51:30","update_account_PNL() starting now."
"08-04-2024 03:53:29","update_account_PNL() starting now."
"08-04-2024 03:55:30","update_account_PNL() starting now."
"08-04-2024 03:57:32","update_account_PNL() starting now."
"08-04-2024 03:59:33","update_account_PNL() starting now."
"08-04-2024 04:03:13","update_account_PNL() starting now."
"08-04-2024 04:06:44","update_account_PNL() starting now."
"08-04-2024 04:09:42","update_account_PNL() starting now."
"08-04-2024 04:10:55","buy_all_from_filtered() starting now."
"08-04-2024 04:12:25","update_account_PNL() starting now."
"08-04-2024 04:14:07","buy_all_from_filtered() starting now."
"08-04-2024 04:14:26","update_account_PNL() starting now."
"08-04-2024 04:16:29","update_account_PNL() starting now."
"08-04-2024 04:17:19","buy_all_from_filtered() starting now."
"08-04-2024 04:18:31","update_account_PNL() starting now."
"08-04-2024 04:20:30","buy_all_from_filtered() starting now."
"08-04-2024 04:20:37","update_account_PNL() starting now."
"08-04-2024 04:22:45","update_account_PNL() starting now."
"08-04-2024 04:23:43","buy_all_from_filtered() starting now."
"08-04-2024 04:24:57","update_account_PNL() starting now."
"08-04-2024 04:26:56","buy_all_from_filtered() starting now."
"08-04-2024 04:27:05","update_account_PNL() starting now."
"08-04-2024 04:29:15","update_account_PNL() starting now."
"08-04-2024 04:30:07","buy_all_from_filtered() starting now."
"08-04-2024 04:31:18","update_account_PNL() starting now."
"08-04-2024 04:33:21","update_account_PNL() starting now."
"08-04-2024 04:34:30","buy_all_from_filtered() starting now."
"08-04-2024 04:35:27","update_account_PNL() starting now."
"08-04-2024 04:35:32","buy_all_from_filtered() starting now."
"08-04-2024 04:37:34","update_account_PNL() starting now."
"08-04-2024 04:39:06","buy_all_from_filtered() starting now."
"08-04-2024 04:39:38","update_account_PNL() starting now."
"08-04-2024 04:41:42","update_account_PNL() starting now."
"08-04-2024 04:42:11","buy_all_from_filtered() starting now."
"08-04-2024 04:43:47","update_account_PNL() starting now."
"08-04-2024 04:45:16","buy_all_from_filtered() starting now."
"08-04-2024 04:45:51","update_account_PNL() starting now."
"08-04-2024 04:47:56","update_account_PNL() starting now."
"08-04-2024 04:48:20","buy_all_from_filtered() starting now."
"08-04-2024 04:50:00","update_account_PNL() starting now."
"08-04-2024 04:51:25","buy_all_from_filtered() starting now."
"08-04-2024 04:52:04","update_account_PNL() starting now."
"08-04-2024 04:54:08","update_account_PNL() starting now."
"08-04-2024 04:54:30","buy_all_from_filtered() starting now."
"08-04-2024 04:56:12","update_account_PNL() starting now."
"08-04-2024 04:57:35","buy_all_from_filtered() starting now."
"08-04-2024 04:58:16","update_account_PNL() starting now."
"08-04-2024 05:00:20","update_account_PNL() starting now."
"08-04-2024 05:00:39","buy_all_from_filtered() starting now."
"08-04-2024 05:02:26","update_account_PNL() starting now."
"08-04-2024 05:03:44","buy_all_from_filtered() starting now."
"08-04-2024 05:04:33","update_account_PNL() starting now."
"08-04-2024 05:06:37","update_account_PNL() starting now."
"08-04-2024 05:06:49","buy_all_from_filtered() starting now."
"08-04-2024 05:08:44","update_account_PNL() starting now."
"08-04-2024 05:09:54","buy_all_from_filtered() starting now."
"08-04-2024 05:10:49","update_account_PNL() starting now."
"08-04-2024 05:12:52","update_account_PNL() starting now."
"08-04-2024 05:12:58","buy_all_from_filtered() starting now."
"08-04-2024 05:14:57","update_account_PNL() starting now."
"08-04-2024 05:16:03","buy_all_from_filtered() starting now."
"08-04-2024 05:17:01","update_account_PNL() starting now."
"08-04-2024 05:19:05","update_account_PNL() starting now."
"08-04-2024 05:19:08","buy_all_from_filtered() starting now."
"08-04-2024 05:21:09","update_account_PNL() starting now."
"08-04-2024 05:22:13","buy_all_from_filtered() starting now."
"08-04-2024 05:23:24","update_account_PNL() starting now."
"08-04-2024 05:25:18","buy_all_from_filtered() starting now."
"08-04-2024 05:25:28","update_account_PNL() starting now."
"08-04-2024 05:27:33","update_account_PNL() starting now."
"08-04-2024 05:28:23","buy_all_from_filtered() starting now."
"08-04-2024 05:29:36","update_account_PNL() starting now."
"08-04-2024 05:31:28","buy_all_from_filtered() starting now."
"08-04-2024 05:31:41","update_account_PNL() starting now."
08-04-24 05:33:51,dex_data_BOT_v2.py called
"08-04-2024 05:33:51","update_account_PNL() starting now."
08-04-24 05:33:57,dex_data_BOT_v2.py called
"08-04-2024 05:34:03","buy_all_from_filtered() starting now."
"08-04-2024 05:35:53","update_account_PNL() starting now."
"08-04-2024 05:37:08","buy_all_from_filtered() starting now."
"08-04-2024 05:37:56","update_account_PNL() starting now."
"08-04-2024 05:39:59","update_account_PNL() starting now."
"08-04-2024 05:40:12","buy_all_from_filtered() starting now."
"08-04-2024 05:42:01","update_account_PNL() starting now."
"08-04-2024 05:43:17","buy_all_from_filtered() starting now."
"08-04-2024 05:44:03","update_account_PNL() starting now."
"08-04-2024 05:46:06","update_account_PNL() starting now."
"08-04-2024 05:48:06","buy_all_from_filtered() starting now."
"08-04-2024 05:48:10","update_account_PNL() starting now."
08-04-24 05:49:08,dex_data_BOT_v2.py called
"08-04-2024 05:50:15","update_account_PNL() starting now."
"08-04-2024 05:52:24","update_account_PNL() starting now."
"08-04-2024 05:52:47","buy_all_from_filtered() starting now."
"08-04-2024 05:54:30","update_account_PNL() starting now."
"08-04-2024 05:56:23","buy_all_from_filtered() starting now."
"08-04-2024 05:56:38","update_account_PNL() starting now."
"08-04-2024 05:58:45","update_account_PNL() starting now."
"08-04-2024 05:59:58","buy_all_from_filtered() starting now."
"08-04-2024 06:00:52","update_account_PNL() starting now."
"08-04-2024 06:03:00","update_account_PNL() starting now."
"08-04-2024 06:03:09","buy_all_from_filtered() starting now."
"08-04-2024 06:05:06","update_account_PNL() starting now."
"08-04-2024 06:07:16","update_account_PNL() starting now."
"08-04-2024 06:07:27","buy_all_from_filtered() starting now."
"08-04-2024 06:09:27","update_account_PNL() starting now."
"08-04-2024 06:10:33","buy_all_from_filtered() starting now."
"08-04-2024 06:11:35","update_account_PNL() starting now."
"08-04-2024 06:12:23","buy_all_from_filtered() starting now."
"08-04-2024 06:13:45","update_account_PNL() starting now."
"08-04-2024 06:15:29","buy_all_from_filtered() starting now."
"08-04-2024 06:15:54","update_account_PNL() starting now."
"08-04-2024 06:18:04","update_account_PNL() starting now."
"08-04-2024 06:18:35","buy_all_from_filtered() starting now."
"08-04-2024 06:20:13","update_account_PNL() starting now."
"08-04-2024 06:21:41","buy_all_from_filtered() starting now."
"08-04-2024 06:22:22","update_account_PNL() starting now."
"08-04-2024 06:24:31","update_account_PNL() starting now."
"08-04-2024 06:24:46","buy_all_from_filtered() starting now."
"08-04-2024 06:26:42","update_account_PNL() starting now."
"08-04-2024 06:27:52","buy_all_from_filtered() starting now."
